{"cameraMode":{"drawMode":0,"name":"Shaded","section":"Shading Mode"},"sceneLighting":true,"audioPlay":false,"sceneViewState":{"showFog":true,"showMaterialUpdate":false,"showSkybox":true,"showFlares":true,"showImageEffects":true,"showParticleSystems":true},"in2DMode":false,"pivot":{"x":2.513486385345459,"y":-379.1849060058594,"z":214.9216766357422},"rotation":{"x":0.501982569694519,"y":0.005188805516809225,"z":-0.003012802917510271,"w":0.8648602366447449},"size":464.9854736328125,"orthographic":false}